service_id,service_label,time_sec,time_hhmm,day_offset,is_next_day,total_buses_in_candidates,dropoff_buses,recovery_buses,pickup_buses
2,Sat,10380,02:53,0,0,1,0,1,0
2,Sat,10440,02:54,0,0,1,0,1,0
2,Sat,10500,02:55,0,0,1,0,1,0
2,Sat,10560,02:56,0,0,1,0,1,0
2,Sat,10620,02:57,0,0,1,0,1,0
2,Sat,10680,02:58,0,0,2,0,1,1
2,Sat,10740,02:59,0,0,1,0,0,1
2,Sat,12180,03:23,0,0,2,0,2,0
2,Sat,12240,03:24,0,0,2,0,2,0
2,Sat,12300,03:25,0,0,2,0,2,0
2,Sat,12360,03:26,0,0,2,0,2,0
2,Sat,12420,03:27,0,0,2,0,2,0
2,Sat,12480,03:28,0,0,4,0,2,2
2,Sat,12540,03:29,0,0,2,0,0,2
2,Sat,14100,03:55,0,0,1,0,1,0
2,Sat,14160,03:56,0,0,1,0,1,0
2,Sat,14220,03:57,0,0,1,0,1,0
2,Sat,14280,03:58,0,0,1,0,1,0
2,Sat,14340,03:59,0,0,1,0,1,0
2,Sat,14400,04:00,0,0,3,1,1,1
2,Sat,14460,04:01,0,0,3,1,1,1
2,Sat,14520,04:02,0,0,1,0,1,0
2,Sat,14580,04:03,0,0,1,0,1,0
2,Sat,14640,04:04,0,0,1,0,1,0
2,Sat,14700,04:05,0,0,2,0,1,1
2,Sat,14760,04:06,0,0,1,0,0,1
2,Sat,15180,04:13,0,0,1,0,1,0
2,Sat,15240,04:14,0,0,1,0,1,0
2,Sat,15300,04:15,0,0,2,0,2,0
2,Sat,15360,04:16,0,0,2,0,2,0
2,Sat,15420,04:17,0,0,2,0,2,0
2,Sat,15480,04:18,0,0,3,0,2,1
2,Sat,15540,04:19,0,0,2,0,1,1
2,Sat,15600,04:20,0,0,2,0,1,1
2,Sat,15660,04:21,0,0,1,0,0,1
2,Sat,15900,04:25,0,0,2,0,2,0
2,Sat,15960,04:26,0,0,2,0,2,0
2,Sat,16020,04:27,0,0,2,0,2,0
2,Sat,16080,04:28,0,0,3,0,3,0
2,Sat,16140,04:29,0,0,3,0,3,0
2,Sat,16200,04:30,0,0,6,1,3,2
2,Sat,16260,04:31,0,0,5,1,2,2
2,Sat,16320,04:32,0,0,2,0,2,0
2,Sat,16380,04:33,0,0,4,1,2,1
2,Sat,16440,04:34,0,0,5,1,3,1
2,Sat,16500,04:35,0,0,4,0,3,1
2,Sat,16560,04:36,0,0,5,0,3,2
2,Sat,16620,04:37,0,0,3,0,2,1
2,Sat,16680,04:38,0,0,2,0,2,0
2,Sat,16740,04:39,0,0,3,0,2,1
2,Sat,16800,04:40,0,0,3,0,2,1
2,Sat,16860,04:41,0,0,3,0,2,1
2,Sat,16920,04:42,0,0,2,0,1,1
2,Sat,16980,04:43,0,0,2,0,2,0
2,Sat,17040,04:44,0,0,2,0,2,0
2,Sat,17100,04:45,0,0,4,0,3,1
2,Sat,17160,04:46,0,0,4,1,2,1
2,Sat,17220,04:47,0,0,4,1,3,0
2,Sat,17280,04:48,0,0,5,1,3,1
2,Sat,17340,04:49,0,0,6,1,3,2
2,Sat,17400,04:50,0,0,5,1,2,2
2,Sat,17460,04:51,0,0,5,1,2,2
2,Sat,17520,04:52,0,0,3,0,2,1
2,Sat,17580,04:53,0,0,8,0,7,1
2,Sat,17640,04:54,0,0,8,0,7,1
2,Sat,17700,04:55,0,0,7,0,7,0
2,Sat,17760,04:56,0,0,8,1,7,0
2,Sat,17820,04:57,0,0,10,1,8,1
2,Sat,17880,04:58,0,0,15,0,9,6
2,Sat,17940,04:59,0,0,11,1,4,6
2,Sat,18000,05:00,0,0,7,1,5,1
2,Sat,18060,05:01,0,0,7,2,5,0
2,Sat,18120,05:02,0,0,12,2,9,1
2,Sat,18180,05:03,0,0,14,1,10,3
2,Sat,18240,05:04,0,0,14,1,10,3
2,Sat,18300,05:05,0,0,12,0,10,2
2,Sat,18360,05:06,0,0,11,0,9,2
2,Sat,18420,05:07,0,0,12,1,8,3
2,Sat,18480,05:08,0,0,18,3,11,4
2,Sat,18540,05:09,0,0,17,2,12,3
2,Sat,18600,05:10,0,0,14,0,11,3
2,Sat,18660,05:11,0,0,12,0,10,2
2,Sat,18720,05:12,0,0,12,0,11,1
2,Sat,18780,05:13,0,0,18,0,13,5
2,Sat,18840,05:14,0,0,15,0,10,5
2,Sat,18900,05:15,0,0,11,1,9,1
2,Sat,18960,05:16,0,0,16,4,11,1
2,Sat,19020,05:17,0,0,18,3,13,2
2,Sat,19080,05:18,0,0,23,0,15,8
2,Sat,19140,05:19,0,0,18,1,9,8
2,Sat,19200,05:20,0,0,14,2,11,1
2,Sat,19260,05:21,0,0,17,2,13,2
2,Sat,19320,05:22,0,0,18,1,13,4
2,Sat,19380,05:23,0,0,26,1,20,5
2,Sat,19440,05:24,0,0,26,2,19,5
2,Sat,19500,05:25,0,0,26,3,19,4
2,Sat,19560,05:26,0,0,28,3,22,3
2,Sat,19620,05:27,0,0,26,2,22,2
2,Sat,19680,05:28,0,0,37,1,25,11
2,Sat,19740,05:29,0,0,30,0,19,11
2,Sat,19800,05:30,0,0,24,1,20,3
2,Sat,19860,05:31,0,0,27,1,21,5
2,Sat,19920,05:32,0,0,26,1,21,4
2,Sat,19980,05:33,0,0,33,2,24,7
2,Sat,20040,05:34,0,0,33,2,21,10
2,Sat,20100,05:35,0,0,30,2,21,7
2,Sat,20160,05:36,0,0,33,4,22,7
2,Sat,20220,05:37,0,0,31,3,21,7
2,Sat,20280,05:38,0,0,33,1,26,6
2,Sat,20340,05:39,0,0,31,1,25,5
2,Sat,20400,05:40,0,0,30,0,25,5
2,Sat,20460,05:41,0,0,30,1,23,6
2,Sat,20520,05:42,0,0,32,4,23,5
2,Sat,20580,05:43,0,0,43,4,28,11
2,Sat,20640,05:44,0,0,33,3,20,10
2,Sat,20700,05:45,0,0,32,5,22,5
2,Sat,20760,05:46,0,0,33,5,22,6
2,Sat,20820,05:47,0,0,31,4,22,5
2,Sat,20880,05:48,0,0,40,2,28,10
2,Sat,20940,05:49,0,0,33,2,23,8
2,Sat,21000,05:50,0,0,34,5,25,4
2,Sat,21060,05:51,0,0,40,5,28,7
2,Sat,21120,05:52,0,0,40,3,31,6
2,Sat,21180,05:53,0,0,60,2,49,9
2,Sat,21240,05:54,0,0,64,5,48,11
2,Sat,21300,05:55,0,0,59,6,48,5
2,Sat,21360,05:56,0,0,59,5,50,4
2,Sat,21420,05:57,0,0,68,7,51,10
2,Sat,21480,05:58,0,0,89,6,52,31
2,Sat,21540,05:59,0,0,66,5,32,29
2,Sat,21600,06:00,0,0,46,8,31,7
2,Sat,21660,06:01,0,0,47,8,34,5
2,Sat,21720,06:02,0,0,49,9,34,6
2,Sat,21780,06:03,0,0,63,8,41,14
2,Sat,21840,06:04,0,0,55,7,34,14
2,Sat,21900,06:05,0,0,50,6,37,7
2,Sat,21960,06:06,0,0,46,3,37,6
2,Sat,22020,06:07,0,0,46,4,37,5
2,Sat,22080,06:08,0,0,65,6,45,14
2,Sat,22140,06:09,0,0,60,5,42,13
2,Sat,22200,06:10,0,0,53,3,45,5
2,Sat,22260,06:11,0,0,55,5,44,6
2,Sat,22320,06:12,0,0,57,8,45,4
2,Sat,22380,06:13,0,0,80,9,56,15
2,Sat,22440,06:14,0,0,77,8,48,21
2,Sat,22500,06:15,0,0,65,8,46,11
2,Sat,22560,06:16,0,0,67,12,49,6
2,Sat,22620,06:17,0,0,69,9,56,4
2,Sat,22680,06:18,0,0,79,5,57,17
2,Sat,22740,06:19,0,0,79,8,49,22
2,Sat,22800,06:20,0,0,63,5,48,10
2,Sat,22860,06:21,0,0,61,5,46,10
2,Sat,22920,06:22,0,0,64,8,44,12
2,Sat,22980,06:23,0,0,66,8,48,10
2,Sat,23040,06:24,0,0,68,8,49,11
2,Sat,23100,06:25,0,0,69,10,50,9
2,Sat,23160,06:26,0,0,72,11,54,7
2,Sat,23220,06:27,0,0,71,8,56,7
2,Sat,23280,06:28,0,0,94,12,60,22
2,Sat,23340,06:29,0,0,92,16,52,24
2,Sat,23400,06:30,0,0,78,11,56,11
2,Sat,23460,06:31,0,0,80,12,56,12
2,Sat,23520,06:32,0,0,82,13,58,11
2,Sat,23580,06:33,0,0,100,12,68,20
2,Sat,23640,06:34,0,0,87,9,59,19
2,Sat,23700,06:35,0,0,76,6,58,12
2,Sat,23760,06:36,0,0,75,8,55,12
2,Sat,23820,06:37,0,0,69,9,55,5
2,Sat,23880,06:38,0,0,91,10,62,19
2,Sat,23940,06:39,0,0,84,11,51,22
2,Sat,24000,06:40,0,0,80,15,55,10
2,Sat,24060,06:41,0,0,78,11,58,9
2,Sat,24120,06:42,0,0,73,11,58,4
2,Sat,24180,06:43,0,0,99,14,71,14
2,Sat,24240,06:44,0,0,93,9,64,20
2,Sat,24300,06:45,0,0,83,7,63,13
2,Sat,24360,06:46,0,0,85,11,61,13
2,Sat,24420,06:47,0,0,89,14,63,12
2,Sat,24480,06:48,0,0,101,13,67,21
2,Sat,24540,06:49,0,0,90,9,60,21
2,Sat,24600,06:50,0,0,76,4,58,14
2,Sat,24660,06:51,0,0,73,8,51,14
2,Sat,24720,06:52,0,0,72,11,52,9
2,Sat,24780,06:53,0,0,83,11,59,13
2,Sat,24840,06:54,0,0,82,14,56,12
2,Sat,24900,06:55,0,0,83,15,63,5
2,Sat,24960,06:56,0,0,87,14,68,5
2,Sat,25020,06:57,0,0,92,11,73,8
2,Sat,25080,06:58,0,0,122,11,78,33
2,Sat,25140,06:59,0,0,106,17,60,29
2,Sat,25200,07:00,0,0,94,19,70,5
2,Sat,25260,07:01,0,0,98,13,76,9
2,Sat,25320,07:02,0,0,98,13,75,10
2,Sat,25380,07:03,0,0,130,14,85,31
2,Sat,25440,07:04,0,0,110,11,65,34
2,Sat,25500,07:05,0,0,89,10,63,16
2,Sat,25560,07:06,0,0,78,8,60,10
2,Sat,25620,07:07,0,0,76,8,64,4
2,Sat,25680,07:08,0,0,104,13,69,22
2,Sat,25740,07:09,0,0,107,21,60,26
2,Sat,25800,07:10,0,0,96,19,67,10
2,Sat,25860,07:11,0,0,93,14,70,9
2,Sat,25920,07:12,0,0,103,20,72,11
2,Sat,25980,07:13,0,0,125,19,82,24
2,Sat,26040,07:14,0,0,106,15,70,21
2,Sat,26100,07:15,0,0,92,10,76,6
2,Sat,26160,07:16,0,0,96,9,74,13
2,Sat,26220,07:17,0,0,98,11,72,15
2,Sat,26280,07:18,0,0,112,11,74,27
2,Sat,26340,07:19,0,0,99,10,62,27
2,Sat,26400,07:20,0,0,77,6,60,11
2,Sat,26460,07:21,0,0,76,9,58,9
2,Sat,26520,07:22,0,0,75,8,60,7
2,Sat,26580,07:23,0,0,91,8,63,20
2,Sat,26640,07:24,0,0,89,16,53,20
2,Sat,26700,07:25,0,0,90,21,62,7
2,Sat,26760,07:26,0,0,89,14,70,5
2,Sat,26820,07:27,0,0,88,11,72,5
2,Sat,26880,07:28,0,0,131,22,84,25
2,Sat,26940,07:29,0,0,132,24,78,30
2,Sat,27000,07:30,0,0,111,16,79,16
2,Sat,27060,07:31,0,0,108,15,78,15
2,Sat,27120,07:32,0,0,114,23,79,12
2,Sat,27180,07:33,0,0,146,20,94,32
2,Sat,27240,07:34,0,0,119,15,72,32
2,Sat,27300,07:35,0,0,104,16,77,11
2,Sat,27360,07:36,0,0,98,10,78,10
2,Sat,27420,07:37,0,0,94,8,78,8
2,Sat,27480,07:38,0,0,109,10,78,21
2,Sat,27540,07:39,0,0,104,14,68,22
2,Sat,27600,07:40,0,0,100,17,73,10
2,Sat,27660,07:41,0,0,107,18,77,12
2,Sat,27720,07:42,0,0,117,23,80,14
2,Sat,27780,07:43,0,0,143,28,90,25
2,Sat,27840,07:44,0,0,125,17,86,22
2,Sat,27900,07:45,0,0,107,11,85,11
2,Sat,27960,07:46,0,0,113,15,86,12
2,Sat,28020,07:47,0,0,118,13,89,16
2,Sat,28080,07:48,0,0,130,13,84,33
2,Sat,28140,07:49,0,0,112,13,68,31
2,Sat,28200,07:50,0,0,92,12,67,13
2,Sat,28260,07:51,0,0,88,12,69,7
2,Sat,28320,07:52,0,0,91,12,72,7
2,Sat,28380,07:53,0,0,105,8,80,17
2,Sat,28440,07:54,0,0,94,8,69,17
2,Sat,28500,07:55,0,0,93,15,71,7
2,Sat,28560,07:56,0,0,99,15,78,6
2,Sat,28620,07:57,0,0,106,15,82,9
2,Sat,28680,07:58,0,0,144,24,87,33
2,Sat,28740,07:59,0,0,131,23,76,32
2,Sat,28800,08:00,0,0,111,19,79,13
2,Sat,28860,08:01,0,0,117,20,82,15
2,Sat,28920,08:02,0,0,112,14,84,14
2,Sat,28980,08:03,0,0,136,19,85,32
2,Sat,29040,08:04,0,0,135,27,75,33
2,Sat,29100,08:05,0,0,105,17,79,9
2,Sat,29160,08:06,0,0,102,11,84,7
2,Sat,29220,08:07,0,0,111,16,85,10
2,Sat,29280,08:08,0,0,125,13,92,20
2,Sat,29340,08:09,0,0,111,8,79,24
2,Sat,29400,08:10,0,0,106,19,77,10
2,Sat,29460,08:11,0,0,113,19,88,6
2,Sat,29520,08:12,0,0,118,20,90,8
2,Sat,29580,08:13,0,0,151,23,101,27
2,Sat,29640,08:14,0,0,128,16,87,25
2,Sat,29700,08:15,0,0,124,20,93,11
2,Sat,29760,08:16,0,0,134,22,97,15
2,Sat,29820,08:17,0,0,134,19,101,14
2,Sat,29880,08:18,0,0,151,17,101,33
2,Sat,29940,08:19,0,0,132,15,84,33
2,Sat,30000,08:20,0,0,113,15,83,15
2,Sat,30060,08:21,0,0,112,10,84,18
2,Sat,30120,08:22,0,0,102,11,75,16
2,Sat,30180,08:23,0,0,115,12,85,18
2,Sat,30240,08:24,0,0,102,9,75,18
2,Sat,30300,08:25,0,0,102,16,77,9
2,Sat,30360,08:26,0,0,106,16,83,7
2,Sat,30420,08:27,0,0,106,13,87,6
2,Sat,30480,08:28,0,0,140,18,92,30
2,Sat,30540,08:29,0,0,129,24,76,29
2,Sat,30600,08:30,0,0,116,19,88,9
2,Sat,30660,08:31,0,0,120,17,89,14
2,Sat,30720,08:32,0,0,133,24,93,16
2,Sat,30780,08:33,0,0,157,25,98,34
2,Sat,30840,08:34,0,0,138,22,85,31
2,Sat,30900,08:35,0,0,112,15,89,8
2,Sat,30960,08:36,0,0,112,12,92,8
2,Sat,31020,08:37,0,0,117,11,94,12
2,Sat,31080,08:38,0,0,127,8,93,26
2,Sat,31140,08:39,0,0,112,12,78,22
2,Sat,31200,08:40,0,0,110,19,84,7
2,Sat,31260,08:41,0,0,120,19,90,11
2,Sat,31320,08:42,0,0,121,15,92,14
2,Sat,31380,08:43,0,0,142,16,95,31
2,Sat,31440,08:44,0,0,131,23,81,27
2,Sat,31500,08:45,0,0,123,22,91,10
2,Sat,31560,08:46,0,0,124,17,93,14
2,Sat,31620,08:47,0,0,125,16,94,15
2,Sat,31680,08:48,0,0,145,20,95,30
2,Sat,31740,08:49,0,0,136,20,86,30
2,Sat,31800,08:50,0,0,111,11,86,14
2,Sat,31860,08:51,0,0,109,12,83,14
2,Sat,31920,08:52,0,0,113,16,84,13
2,Sat,31980,08:53,0,0,120,15,86,19
2,Sat,32040,08:54,0,0,111,12,81,18
2,Sat,32100,08:55,0,0,101,13,82,6
2,Sat,32160,08:56,0,0,115,17,89,9
2,Sat,32220,08:57,0,0,126,18,91,17
2,Sat,32280,08:58,0,0,140,14,92,34
2,Sat,32340,08:59,0,0,122,16,73,33
2,Sat,32400,09:00,0,0,112,21,76,15
2,Sat,32460,09:01,0,0,116,24,79,13
2,Sat,32520,09:02,0,0,124,23,88,13
2,Sat,32580,09:03,0,0,148,24,96,28
2,Sat,32640,09:04,0,0,139,22,90,27
2,Sat,32700,09:05,0,0,123,16,92,15
2,Sat,32760,09:06,0,0,128,21,94,13
2,Sat,32820,09:07,0,0,127,18,102,7
2,Sat,32880,09:08,0,0,150,17,107,26
2,Sat,32940,09:09,0,0,141,17,96,28
2,Sat,33000,09:10,0,0,117,10,98,9
2,Sat,33060,09:11,0,0,115,11,97,7
2,Sat,33120,09:12,0,0,134,19,103,12
2,Sat,33180,09:13,0,0,162,18,106,38
2,Sat,33240,09:14,0,0,134,14,84,36
2,Sat,33300,09:15,0,0,124,17,87,20
2,Sat,33360,09:16,0,0,116,16,84,16
2,Sat,33420,09:17,0,0,116,18,88,10
2,Sat,33480,09:18,0,0,146,21,95,30
2,Sat,33540,09:19,0,0,128,19,81,28
2,Sat,33600,09:20,0,0,113,13,86,14
2,Sat,33660,09:21,0,0,106,15,80,11
2,Sat,33720,09:22,0,0,124,23,91,10
2,Sat,33780,09:23,0,0,138,18,96,24
2,Sat,33840,09:24,0,0,118,11,87,20
2,Sat,33900,09:25,0,0,111,16,87,8
2,Sat,33960,09:26,0,0,120,18,95,7
2,Sat,34020,09:27,0,0,123,14,98,11
2,Sat,34080,09:28,0,0,150,17,98,35
2,Sat,34140,09:29,0,0,130,15,81,34
2,Sat,34200,09:30,0,0,118,20,80,18
2,Sat,34260,09:31,0,0,127,27,84,16
2,Sat,34320,09:32,0,0,126,22,94,10
2,Sat,34380,09:33,0,0,135,16,99,20
2,Sat,34440,09:34,0,0,135,17,92,26
2,Sat,34500,09:35,0,0,132,23,91,18
2,Sat,34560,09:36,0,0,131,23,98,10
2,Sat,34620,09:37,0,0,131,19,106,6
2,Sat,34680,09:38,0,0,157,23,112,22
2,Sat,34740,09:39,0,0,154,18,107,29
2,Sat,34800,09:40,0,0,125,11,102,12
2,Sat,34860,09:41,0,0,130,13,108,9
2,Sat,34920,09:42,0,0,144,19,108,17
2,Sat,34980,09:43,0,0,166,23,113,30
2,Sat,35040,09:44,0,0,143,15,103,25
2,Sat,35100,09:45,0,0,126,11,103,12
2,Sat,35160,09:46,0,0,139,20,103,16
2,Sat,35220,09:47,0,0,146,18,109,19
2,Sat,35280,09:48,0,0,153,13,103,37
2,Sat,35340,09:49,0,0,137,21,85,31
2,Sat,35400,09:50,0,0,126,19,93,14
2,Sat,35460,09:51,0,0,122,19,90,13
2,Sat,35520,09:52,0,0,129,23,99,7
2,Sat,35580,09:53,0,0,142,17,106,19
2,Sat,35640,09:54,0,0,137,15,97,25
2,Sat,35700,09:55,0,0,128,16,97,15
2,Sat,35760,09:56,0,0,133,23,99,11
2,Sat,35820,09:57,0,0,140,20,109,11
2,Sat,35880,09:58,0,0,165,19,108,38
2,Sat,35940,09:59,0,0,146,18,90,38
2,Sat,36000,10:00,0,0,113,9,89,15
2,Sat,36060,10:01,0,0,112,13,85,14
2,Sat,36120,10:02,0,0,112,15,89,8
2,Sat,36180,10:03,0,0,137,19,93,25
2,Sat,36240,10:04,0,0,137,25,84,28
2,Sat,36300,10:05,0,0,135,28,91,16
2,Sat,36360,10:06,0,0,135,25,97,13
2,Sat,36420,10:07,0,0,126,17,104,5
2,Sat,36480,10:08,0,0,156,20,111,25
2,Sat,36540,10:09,0,0,148,18,100,30
2,Sat,36600,10:10,0,0,123,12,99,12
2,Sat,36660,10:11,0,0,127,15,101,11
2,Sat,36720,10:12,0,0,135,18,104,13
2,Sat,36780,10:13,0,0,154,16,107,31
2,Sat,36840,10:14,0,0,137,18,90,29
2,Sat,36900,10:15,0,0,132,19,96,17
2,Sat,36960,10:16,0,0,135,21,92,22
2,Sat,37020,10:17,0,0,130,21,95,14
2,Sat,37080,10:18,0,0,140,14,100,26
2,Sat,37140,10:19,0,0,133,19,84,30
2,Sat,37200,10:20,0,0,129,25,89,15
2,Sat,37260,10:21,0,0,126,20,94,12
2,Sat,37320,10:22,0,0,118,12,97,9
2,Sat,37380,10:23,0,0,137,16,99,22
2,Sat,37440,10:24,0,0,138,20,93,25
2,Sat,37500,10:25,0,0,121,16,95,10
2,Sat,37560,10:26,0,0,122,17,100,5
2,Sat,37620,10:27,0,0,138,18,107,13
2,Sat,37680,10:28,0,0,166,18,106,42
2,Sat,37740,10:29,0,0,137,16,85,36
2,Sat,37800,10:30,0,0,113,10,88,15
2,Sat,37860,10:31,0,0,114,16,81,17
2,Sat,37920,10:32,0,0,127,31,87,9
2,Sat,37980,10:33,0,0,152,25,104,23
2,Sat,38040,10:34,0,0,133,17,91,25
2,Sat,38100,10:35,0,0,135,27,97,11
2,Sat,38160,10:36,0,0,138,22,107,9
2,Sat,38220,10:37,0,0,128,12,110,6
2,Sat,38280,10:38,0,0,155,16,114,25
2,Sat,38340,10:39,0,0,154,20,102,32
2,Sat,38400,10:40,0,0,138,21,102,15
2,Sat,38460,10:41,0,0,138,18,108,12
2,Sat,38520,10:42,0,0,135,14,109,12
2,Sat,38580,10:43,0,0,156,12,111,33
2,Sat,38640,10:44,0,0,142,19,88,35
2,Sat,38700,10:45,0,0,136,23,96,17
2,Sat,38760,10:46,0,0,133,20,96,17
2,Sat,38820,10:47,0,0,135,22,101,12
2,Sat,38880,10:48,0,0,152,19,107,26
2,Sat,38940,10:49,0,0,135,14,94,27
2,Sat,39000,10:50,0,0,124,16,94,14
2,Sat,39060,10:51,0,0,131,21,96,14
2,Sat,39120,10:52,0,0,136,24,101,11
2,Sat,39180,10:53,0,0,148,18,109,21
2,Sat,39240,10:54,0,0,135,13,100,22
2,Sat,39300,10:55,0,0,124,14,101,9
2,Sat,39360,10:56,0,0,135,18,104,13
2,Sat,39420,10:57,0,0,137,16,106,15
2,Sat,39480,10:58,0,0,162,18,104,40
2,Sat,39540,10:59,0,0,145,19,84,42
2,Sat,39600,11:00,0,0,114,15,82,17
2,Sat,39660,11:01,0,0,116,19,83,14
2,Sat,39720,11:02,0,0,117,22,88,7
2,Sat,39780,11:03,0,0,140,18,99,23
2,Sat,39840,11:04,0,0,126,15,84,27
2,Sat,39900,11:05,0,0,124,22,87,15
2,Sat,39960,11:06,0,0,127,20,93,14
2,Sat,40020,11:07,0,0,117,15,94,8
2,Sat,40080,11:08,0,0,148,25,101,22
2,Sat,40140,11:09,0,0,153,29,98,26
2,Sat,40200,11:10,0,0,141,21,105,15
2,Sat,40260,11:11,0,0,137,16,105,16
2,Sat,40320,11:12,0,0,138,18,105,15
2,Sat,40380,11:13,0,0,162,18,109,35
2,Sat,40440,11:14,0,0,139,16,89,34
2,Sat,40500,11:15,0,0,126,18,92,16
2,Sat,40560,11:16,0,0,123,17,92,14
2,Sat,40620,11:17,0,0,119,15,96,8
2,Sat,40680,11:18,0,0,147,21,100,26
2,Sat,40740,11:19,0,0,140,20,91,29
2,Sat,40800,11:20,0,0,123,19,91,13
2,Sat,40860,11:21,0,0,133,23,98,12
2,Sat,40920,11:22,0,0,141,22,105,14
2,Sat,40980,11:23,0,0,149,18,108,23
2,Sat,41040,11:24,0,0,136,11,100,25
2,Sat,41100,11:25,0,0,123,12,94,17
2,Sat,41160,11:26,0,0,133,20,95,18
2,Sat,41220,11:27,0,0,134,19,96,19
2,Sat,41280,11:28,0,0,153,21,97,35
2,Sat,41340,11:29,0,0,139,20,85,34
2,Sat,41400,11:30,0,0,109,10,85,14
2,Sat,41460,11:31,0,0,113,16,83,14
2,Sat,41520,11:32,0,0,120,22,88,10
2,Sat,41580,11:33,0,0,142,24,96,22
2,Sat,41640,11:34,0,0,140,25,91,24
2,Sat,41700,11:35,0,0,135,24,97,14
2,Sat,41760,11:36,0,0,131,19,101,11
2,Sat,41820,11:37,0,0,127,15,106,6
2,Sat,41880,11:38,0,0,155,17,111,27
2,Sat,41940,11:39,0,0,144,17,96,31
2,Sat,42000,11:40,0,0,128,20,97,11
2,Sat,42060,11:41,0,0,142,25,106,11
2,Sat,42120,11:42,0,0,147,20,113,14
2,Sat,42180,11:43,0,0,160,12,113,35
2,Sat,42240,11:44,0,0,135,12,90,33
2,Sat,42300,11:45,0,0,126,18,93,15
2,Sat,42360,11:46,0,0,138,27,95,16
2,Sat,42420,11:47,0,0,140,23,105,12
2,Sat,42480,11:48,0,0,152,16,106,30
2,Sat,42540,11:49,0,0,135,16,91,28
2,Sat,42600,11:50,0,0,128,20,94,14
2,Sat,42660,11:51,0,0,137,21,97,19
2,Sat,42720,11:52,0,0,134,20,97,17
2,Sat,42780,11:53,0,0,149,22,103,24
2,Sat,42840,11:54,0,0,135,18,97,20
2,Sat,42900,11:55,0,0,128,13,101,14
2,Sat,42960,11:56,0,0,132,17,99,16
2,Sat,43020,11:57,0,0,139,19,104,16
2,Sat,43080,11:58,0,0,159,22,104,33
2,Sat,43140,11:59,0,0,145,21,94,30
2,Sat,43200,12:00,0,0,130,19,95,16
2,Sat,43260,12:01,0,0,130,17,97,16
2,Sat,43320,12:02,0,0,118,12,96,10
2,Sat,43380,12:03,0,0,149,18,101,30
2,Sat,43440,12:04,0,0,131,15,85,31
2,Sat,43500,12:05,0,0,117,23,84,10
2,Sat,43560,12:06,0,0,136,26,99,11
2,Sat,43620,12:07,0,0,128,18,99,11
2,Sat,43680,12:08,0,0,154,20,106,28
2,Sat,43740,12:09,0,0,141,19,91,31
2,Sat,43800,12:10,0,0,132,22,95,15
2,Sat,43860,12:11,0,0,137,22,99,16
2,Sat,43920,12:12,0,0,137,20,101,16
2,Sat,43980,12:13,0,0,153,16,105,32
2,Sat,44040,12:14,0,0,134,17,87,30
2,Sat,44100,12:15,0,0,128,22,92,14
2,Sat,44160,12:16,0,0,132,24,95,13
2,Sat,44220,12:17,0,0,136,21,103,12
2,Sat,44280,12:18,0,0,151,13,105,33
2,Sat,44340,12:19,0,0,131,15,84,32
2,Sat,44400,12:20,0,0,121,21,88,12
2,Sat,44460,12:21,0,0,122,16,93,13
2,Sat,44520,12:22,0,0,125,21,92,12
2,Sat,44580,12:23,0,0,148,23,104,21
2,Sat,44640,12:24,0,0,133,16,95,22
2,Sat,44700,12:25,0,0,127,14,98,15
2,Sat,44760,12:26,0,0,126,16,94,16
2,Sat,44820,12:27,0,0,134,21,98,15
2,Sat,44880,12:28,0,0,158,21,100,37
2,Sat,44940,12:29,0,0,137,19,83,35
2,Sat,45000,12:30,0,0,121,17,86,18
2,Sat,45060,12:31,0,0,118,20,83,15
2,Sat,45120,12:32,0,0,123,22,92,9
2,Sat,45180,12:33,0,0,145,19,100,26
2,Sat,45240,12:34,0,0,130,15,88,27
2,Sat,45300,12:35,0,0,121,22,88,11
2,Sat,45360,12:36,0,0,133,25,99,9
2,Sat,45420,12:37,0,0,137,20,105,12
2,Sat,45480,12:38,0,0,161,22,109,30
2,Sat,45540,12:39,0,0,150,24,99,27
2,Sat,45600,12:40,0,0,132,19,106,7
2,Sat,45660,12:41,0,0,143,22,110,11
2,Sat,45720,12:42,0,0,158,23,117,18
2,Sat,45780,12:43,0,0,171,18,115,38
2,Sat,45840,12:44,0,0,150,20,97,33
2,Sat,45900,12:45,0,0,135,18,102,15
2,Sat,45960,12:46,0,0,133,17,100,16
2,Sat,46020,12:47,0,0,135,19,103,13
2,Sat,46080,12:48,0,0,154,20,106,28
2,Sat,46140,12:49,0,0,149,23,95,31
2,Sat,46200,12:50,0,0,135,20,98,17
2,Sat,46260,12:51,0,0,131,16,99,16
2,Sat,46320,12:52,0,0,129,19,99,11
2,Sat,46380,12:53,0,0,144,16,109,19
2,Sat,46440,12:54,0,0,136,17,98,21
2,Sat,46500,12:55,0,0,144,24,105,15
2,Sat,46560,12:56,0,0,141,17,107,17
2,Sat,46620,12:57,0,0,144,18,107,19
2,Sat,46680,12:58,0,0,180,27,109,44
2,Sat,46740,12:59,0,0,148,20,92,36
2,Sat,46800,13:00,0,0,121,14,94,13
2,Sat,46860,13:01,0,0,118,13,94,11
2,Sat,46920,13:02,0,0,118,11,98,9
2,Sat,46980,13:03,0,0,145,17,97,31
2,Sat,47040,13:04,0,0,141,23,85,33
2,Sat,47100,13:05,0,0,120,20,86,14
2,Sat,47160,13:06,0,0,122,19,90,13
2,Sat,47220,13:07,0,0,123,21,92,10
2,Sat,47280,13:08,0,0,147,20,101,26
2,Sat,47340,13:09,0,0,143,30,86,27
2,Sat,47400,13:10,0,0,146,30,105,11
2,Sat,47460,13:11,0,0,142,23,106,13
2,Sat,47520,13:12,0,0,151,22,115,14
2,Sat,47580,13:13,0,0,165,16,114,35
2,Sat,47640,13:14,0,0,153,19,97,37
2,Sat,47700,13:15,0,0,138,23,96,19
2,Sat,47760,13:16,0,0,135,23,100,12
2,Sat,47820,13:17,0,0,134,16,107,11
2,Sat,47880,13:18,0,0,151,12,105,34
2,Sat,47940,13:19,0,0,136,17,85,34
2,Sat,48000,13:20,0,0,122,20,88,14
2,Sat,48060,13:21,0,0,116,15,91,10
2,Sat,48120,13:22,0,0,118,13,94,11
2,Sat,48180,13:23,0,0,138,18,98,22
2,Sat,48240,13:24,0,0,138,25,94,19
2,Sat,48300,13:25,0,0,136,22,104,10
2,Sat,48360,13:26,0,0,137,18,106,13
2,Sat,48420,13:27,0,0,148,20,109,19
2,Sat,48480,13:28,0,0,174,21,107,46
2,Sat,48540,13:29,0,0,148,24,84,40
2,Sat,48600,13:30,0,0,126,22,91,13
2,Sat,48660,13:31,0,0,123,20,93,10
2,Sat,48720,13:32,0,0,132,20,101,11
2,Sat,48780,13:33,0,0,151,22,102,27
2,Sat,48840,13:34,0,0,143,19,96,28
2,Sat,48900,13:35,0,0,127,20,93,14
2,Sat,48960,13:36,0,0,134,24,102,8
2,Sat,49020,13:37,0,0,134,16,109,9
2,Sat,49080,13:38,0,0,152,11,111,30
2,Sat,49140,13:39,0,0,141,21,92,28
2,Sat,49200,13:40,0,0,136,25,104,7
2,Sat,49260,13:41,0,0,146,23,110,13
2,Sat,49320,13:42,0,0,159,27,114,18
2,Sat,49380,13:43,0,0,182,27,119,36
2,Sat,49440,13:44,0,0,162,22,105,35
2,Sat,49500,13:45,0,0,142,19,106,17
2,Sat,49560,13:46,0,0,142,19,107,16
2,Sat,49620,13:47,0,0,136,14,109,13
2,Sat,49680,13:48,0,0,151,15,108,28
2,Sat,49740,13:49,0,0,148,18,97,33
2,Sat,49800,13:50,0,0,135,22,93,20
2,Sat,49860,13:51,0,0,141,24,98,19
2,Sat,49920,13:52,0,0,132,21,98,13
2,Sat,49980,13:53,0,0,144,15,108,21
2,Sat,50040,13:54,0,0,132,16,94,22
2,Sat,50100,13:55,0,0,138,24,102,12
2,Sat,50160,13:56,0,0,139,19,106,14
2,Sat,50220,13:57,0,0,140,17,107,16
2,Sat,50280,13:58,0,0,172,21,108,43
2,Sat,50340,13:59,0,0,145,20,86,39
2,Sat,50400,14:00,0,0,122,24,89,9
2,Sat,50460,14:01,0,0,133,21,101,11
2,Sat,50520,14:02,0,0,125,13,99,13
2,Sat,50580,14:03,0,0,149,14,101,34
2,Sat,50640,14:04,0,0,125,17,79,29
2,Sat,50700,14:05,0,0,117,20,89,8
2,Sat,50760,14:06,0,0,126,24,92,10
2,Sat,50820,14:07,0,0,137,22,103,12
2,Sat,50880,14:08,0,0,152,17,102,33
2,Sat,50940,14:09,0,0,139,21,87,31
2,Sat,51000,14:10,0,0,130,23,92,15
2,Sat,51060,14:11,0,0,132,25,95,12
2,Sat,51120,14:12,0,0,142,26,105,11
2,Sat,51180,14:13,0,0,162,19,111,32
2,Sat,51240,14:14,0,0,142,19,93,30
2,Sat,51300,14:15,0,0,146,29,100,17
2,Sat,51360,14:16,0,0,149,25,105,19
2,Sat,51420,14:17,0,0,135,16,106,13
2,Sat,51480,14:18,0,0,157,17,108,32
2,Sat,51540,14:19,0,0,139,17,91,31
2,Sat,51600,14:20,0,0,127,20,94,13
2,Sat,51660,14:21,0,0,128,16,98,14
2,Sat,51720,14:22,0,0,124,16,96,12
2,Sat,51780,14:23,0,0,145,20,102,23
2,Sat,51840,14:24,0,0,141,24,93,24
2,Sat,51900,14:25,0,0,138,24,102,12
2,Sat,51960,14:26,0,0,136,18,106,12
2,Sat,52020,14:27,0,0,146,21,108,17
2,Sat,52080,14:28,0,0,177,21,110,46
2,Sat,52140,14:29,0,0,142,18,84,40
2,Sat,52200,14:30,0,0,124,23,88,13
2,Sat,52260,14:31,0,0,130,22,94,14
2,Sat,52320,14:32,0,0,134,23,96,15
2,Sat,52380,14:33,0,0,147,17,102,28
2,Sat,52440,14:34,0,0,116,8,86,22
2,Sat,52500,14:35,0,0,119,22,89,8
2,Sat,52560,14:36,0,0,137,27,100,10
2,Sat,52620,14:37,0,0,135,21,106,8
2,Sat,52680,14:38,0,0,161,20,114,27
2,Sat,52740,14:39,0,0,150,20,100,30
2,Sat,52800,14:40,0,0,133,18,104,11
2,Sat,52860,14:41,0,0,143,22,107,14
2,Sat,52920,14:42,0,0,161,32,112,17
2,Sat,52980,14:43,0,0,182,24,121,37
2,Sat,53040,14:44,0,0,155,21,98,36
2,Sat,53100,14:45,0,0,142,22,106,14
2,Sat,53160,14:46,0,0,137,14,106,17
2,Sat,53220,14:47,0,0,134,15,103,16
2,Sat,53280,14:48,0,0,155,18,105,32
2,Sat,53340,14:49,0,0,137,16,89,32
2,Sat,53400,14:50,0,0,128,24,89,15
2,Sat,53460,14:51,0,0,139,25,98,16
2,Sat,53520,14:52,0,0,128,17,98,13
2,Sat,53580,14:53,0,0,142,17,103,22
2,Sat,53640,14:54,0,0,133,20,94,19
2,Sat,53700,14:55,0,0,138,25,104,9
2,Sat,53760,14:56,0,0,151,23,111,17
2,Sat,53820,14:57,0,0,153,24,111,18
2,Sat,53880,14:58,0,0,182,23,118,41
2,Sat,53940,14:59,0,0,154,19,94,41
2,Sat,54000,15:00,0,0,127,17,96,14
2,Sat,54060,15:01,0,0,119,12,97,10
2,Sat,54120,15:02,0,0,121,16,98,7
2,Sat,54180,15:03,0,0,157,20,106,31
2,Sat,54240,15:04,0,0,138,20,87,31
2,Sat,54300,15:05,0,0,127,26,94,7
2,Sat,54360,15:06,0,0,146,26,106,14
2,Sat,54420,15:07,0,0,138,18,106,14
2,Sat,54480,15:08,0,0,160,19,111,30
2,Sat,54540,15:09,0,0,148,18,96,34
2,Sat,54600,15:10,0,0,132,21,95,16
2,Sat,54660,15:11,0,0,141,25,101,15
2,Sat,54720,15:12,0,0,142,23,105,14
2,Sat,54780,15:13,0,0,166,22,110,34
2,Sat,54840,15:14,0,0,147,20,93,34
2,Sat,54900,15:15,0,0,129,21,96,12
2,Sat,54960,15:16,0,0,140,19,102,19
2,Sat,55020,15:17,0,0,131,17,96,18
2,Sat,55080,15:18,0,0,146,18,100,28
2,Sat,55140,15:19,0,0,129,15,85,29
2,Sat,55200,15:20,0,0,118,20,86,12
2,Sat,55260,15:21,0,0,129,23,93,13
2,Sat,55320,15:22,0,0,135,23,96,16
2,Sat,55380,15:23,0,0,143,20,100,23
2,Sat,55440,15:24,0,0,129,19,93,17
2,Sat,55500,15:25,0,0,135,25,102,8
2,Sat,55560,15:26,0,0,142,20,110,12
2,Sat,55620,15:27,0,0,145,17,110,18
2,Sat,55680,15:28,0,0,177,24,110,43
2,Sat,55740,15:29,0,0,155,21,92,42
2,Sat,55800,15:30,0,0,130,19,89,22
2,Sat,55860,15:31,0,0,125,20,89,16
2,Sat,55920,15:32,0,0,120,17,93,10
2,Sat,55980,15:33,0,0,138,16,96,26
2,Sat,56040,15:34,0,0,128,20,83,25
2,Sat,56100,15:35,0,0,126,27,91,8
2,Sat,56160,15:36,0,0,134,20,102,12
2,Sat,56220,15:37,0,0,128,16,99,13
2,Sat,56280,15:38,0,0,149,20,105,24
2,Sat,56340,15:39,0,0,139,19,95,25
2,Sat,56400,15:40,0,0,134,24,99,11
2,Sat,56460,15:41,0,0,150,27,109,14
2,Sat,56520,15:42,0,0,158,26,113,19
2,Sat,56580,15:43,0,0,176,22,116,38
2,Sat,56640,15:44,0,0,156,21,97,38
2,Sat,56700,15:45,0,0,138,22,99,17
2,Sat,56760,15:46,0,0,136,16,102,18
2,Sat,56820,15:47,0,0,128,18,96,14
2,Sat,56880,15:48,0,0,151,19,105,27
2,Sat,56940,15:49,0,0,139,16,89,34
2,Sat,57000,15:50,0,0,126,21,88,17
2,Sat,57060,15:51,0,0,127,20,94,13
2,Sat,57120,15:52,0,0,126,20,96,10
2,Sat,57180,15:53,0,0,150,23,104,23
2,Sat,57240,15:54,0,0,142,23,96,23
2,Sat,57300,15:55,0,0,137,24,104,9
2,Sat,57360,15:56,0,0,151,23,111,17
2,Sat,57420,15:57,0,0,151,18,110,23
2,Sat,57480,15:58,0,0,174,24,107,43
2,Sat,57540,15:59,0,0,156,24,92,40
2,Sat,57600,16:00,0,0,117,14,91,12
2,Sat,57660,16:01,0,0,115,13,94,8
2,Sat,57720,16:02,0,0,119,16,96,7
2,Sat,57780,16:03,0,0,149,19,103,27
2,Sat,57840,16:04,0,0,137,20,89,28
2,Sat,57900,16:05,0,0,128,23,95,10
2,Sat,57960,16:06,0,0,139,23,102,14
2,Sat,58020,16:07,0,0,134,17,104,13
2,Sat,58080,16:08,0,0,154,16,106,32
2,Sat,58140,16:09,0,0,147,24,88,35
2,Sat,58200,16:10,0,0,139,28,95,16
2,Sat,58260,16:11,0,0,139,26,100,13
2,Sat,58320,16:12,0,0,148,27,108,13
2,Sat,58380,16:13,0,0,175,26,114,35
2,Sat,58440,16:14,0,0,153,21,100,32
2,Sat,58500,16:15,0,0,137,20,104,13
2,Sat,58560,16:16,0,0,144,18,107,19
2,Sat,58620,16:17,0,0,140,18,103,19
2,Sat,58680,16:18,0,0,155,19,105,31
2,Sat,58740,16:19,0,0,135,15,90,30
2,Sat,58800,16:20,0,0,117,14,90,13
2,Sat,58860,16:21,0,0,114,12,91,11
2,Sat,58920,16:22,0,0,117,16,92,9
2,Sat,58980,16:23,0,0,153,27,99,27
2,Sat,59040,16:24,0,0,149,34,92,23
2,Sat,59100,16:25,0,0,145,29,110,6
2,Sat,59160,16:26,0,0,145,19,115,11
2,Sat,59220,16:27,0,0,150,14,118,18
2,Sat,59280,16:28,0,0,169,20,111,38
2,Sat,59340,16:29,0,0,161,24,100,37
2,Sat,59400,16:30,0,0,139,19,98,22
2,Sat,59460,16:31,0,0,133,21,97,15
2,Sat,59520,16:32,0,0,135,20,103,12
2,Sat,59580,16:33,0,0,160,22,105,33
2,Sat,59640,16:34,0,0,144,21,93,30
2,Sat,59700,16:35,0,0,127,23,96,8
2,Sat,59760,16:36,0,0,140,24,108,8
2,Sat,59820,16:37,0,0,139,17,112,10
2,Sat,59880,16:38,0,0,159,14,115,30
2,Sat,59940,16:39,0,0,149,23,95,31
2,Sat,60000,16:40,0,0,142,26,106,10
2,Sat,60060,16:41,0,0,144,21,111,12
2,Sat,60120,16:42,0,0,155,24,115,16
2,Sat,60180,16:43,0,0,176,26,119,31
2,Sat,60240,16:44,0,0,167,21,110,36
2,Sat,60300,16:45,0,0,146,18,104,24
2,Sat,60360,16:46,0,0,141,19,104,18
2,Sat,60420,16:47,0,0,131,14,104,13
2,Sat,60480,16:48,0,0,159,22,104,33
2,Sat,60540,16:49,0,0,149,22,93,34
2,Sat,60600,16:50,0,0,121,14,93,14
2,Sat,60660,16:51,0,0,125,19,94,12
2,Sat,60720,16:52,0,0,136,24,101,11
2,Sat,60780,16:53,0,0,158,24,107,27
2,Sat,60840,16:54,0,0,156,32,97,27
2,Sat,60900,16:55,0,0,147,26,111,10
2,Sat,60960,16:56,0,0,139,14,112,13
2,Sat,61020,16:57,0,0,145,15,112,18
2,Sat,61080,16:58,0,0,169,20,109,40
2,Sat,61140,16:59,0,0,156,23,92,41
2,Sat,61200,17:00,0,0,122,17,90,15
2,Sat,61260,17:01,0,0,117,14,93,10
2,Sat,61320,17:02,0,0,117,16,93,8
2,Sat,61380,17:03,0,0,144,20,99,25
2,Sat,61440,17:04,0,0,136,23,87,26
2,Sat,61500,17:05,0,0,131,25,95,11
2,Sat,61560,17:06,0,0,141,22,101,18
2,Sat,61620,17:07,0,0,130,17,99,14
2,Sat,61680,17:08,0,0,156,24,104,28
2,Sat,61740,17:09,0,0,154,27,95,32
2,Sat,61800,17:10,0,0,137,24,99,14
2,Sat,61860,17:11,0,0,146,26,105,15
2,Sat,61920,17:12,0,0,152,26,111,15
2,Sat,61980,17:13,0,0,171,25,116,30
2,Sat,62040,17:14,0,0,160,20,105,35
2,Sat,62100,17:15,0,0,132,14,101,17
2,Sat,62160,17:16,0,0,131,17,102,12
2,Sat,62220,17:17,0,0,138,17,107,14
2,Sat,62280,17:18,0,0,152,14,106,32
2,Sat,62340,17:19,0,0,136,16,89,31
2,Sat,62400,17:20,0,0,122,18,91,13
2,Sat,62460,17:21,0,0,126,19,94,13
2,Sat,62520,17:22,0,0,133,24,95,14
2,Sat,62580,17:23,0,0,153,28,100,25
2,Sat,62640,17:24,0,0,152,32,96,24
2,Sat,62700,17:25,0,0,146,27,107,12
2,Sat,62760,17:26,0,0,141,17,110,14
2,Sat,62820,17:27,0,0,142,20,110,12
2,Sat,62880,17:28,0,0,177,27,119,31
2,Sat,62940,17:29,0,0,161,19,104,38
2,Sat,63000,17:30,0,0,131,12,96,23
2,Sat,63060,17:31,0,0,124,16,92,16
2,Sat,63120,17:32,0,0,126,19,96,11
2,Sat,63180,17:33,0,0,153,21,99,33
2,Sat,63240,17:34,0,0,139,23,82,34
2,Sat,63300,17:35,0,0,123,26,86,11
2,Sat,63360,17:36,0,0,128,22,95,11
2,Sat,63420,17:37,0,0,126,21,95,10
2,Sat,63480,17:38,0,0,152,23,105,24
2,Sat,63540,17:39,0,0,142,21,95,26
2,Sat,63600,17:40,0,0,135,22,102,11
2,Sat,63660,17:41,0,0,142,21,107,14
2,Sat,63720,17:42,0,0,142,20,109,13
2,Sat,63780,17:43,0,0,164,22,114,28
2,Sat,63840,17:44,0,0,154,23,102,29
2,Sat,63900,17:45,0,0,145,19,107,19
2,Sat,63960,17:46,0,0,140,13,102,25
2,Sat,64020,17:47,0,0,133,19,95,19
2,Sat,64080,17:48,0,0,159,31,100,28
2,Sat,64140,17:49,0,0,148,25,96,27
2,Sat,64200,17:50,0,0,125,12,98,15
2,Sat,64260,17:51,0,0,122,16,93,13
2,Sat,64320,17:52,0,0,137,25,100,12
2,Sat,64380,17:53,0,0,156,29,104,23
2,Sat,64440,17:54,0,0,153,29,103,21
2,Sat,64500,17:55,0,0,144,20,110,14
2,Sat,64560,17:56,0,0,141,15,108,18
2,Sat,64620,17:57,0,0,142,18,105,19
2,Sat,64680,17:58,0,0,162,22,103,37
2,Sat,64740,17:59,0,0,141,21,87,33
2,Sat,64800,18:00,0,0,115,14,90,11
2,Sat,64860,18:01,0,0,120,14,90,16
2,Sat,64920,18:02,0,0,119,18,88,13
2,Sat,64980,18:03,0,0,144,24,94,26
2,Sat,65040,18:04,0,0,137,26,85,26
2,Sat,65100,18:05,0,0,126,27,91,8
2,Sat,65160,18:06,0,0,139,24,102,13
2,Sat,65220,18:07,0,0,131,15,100,16
2,Sat,65280,18:08,0,0,151,24,100,27
2,Sat,65340,18:09,0,0,152,27,96,29
2,Sat,65400,18:10,0,0,137,23,96,18
2,Sat,65460,18:11,0,0,143,25,99,19
2,Sat,65520,18:12,0,0,135,22,99,14
2,Sat,65580,18:13,0,0,152,18,104,30
2,Sat,65640,18:14,0,0,138,23,85,30
2,Sat,65700,18:15,0,0,132,26,96,10
2,Sat,65760,18:16,0,0,130,18,100,12
2,Sat,65820,18:17,0,0,129,17,101,11
2,Sat,65880,18:18,0,0,149,19,104,26
2,Sat,65940,18:19,0,0,131,13,92,26
2,Sat,66000,18:20,0,0,121,16,90,15
2,Sat,66060,18:21,0,0,129,23,90,16
2,Sat,66120,18:22,0,0,125,19,95,11
2,Sat,66180,18:23,0,0,147,27,98,22
2,Sat,66240,18:24,0,0,146,26,99,21
2,Sat,66300,18:25,0,0,134,20,102,12
2,Sat,66360,18:26,0,0,141,21,107,13
2,Sat,66420,18:27,0,0,136,16,108,12
2,Sat,66480,18:28,0,0,168,25,108,35
2,Sat,66540,18:29,0,0,153,22,94,37
2,Sat,66600,18:30,0,0,121,15,88,18
2,Sat,66660,18:31,0,0,120,17,89,14
2,Sat,66720,18:32,0,0,118,15,91,12
2,Sat,66780,18:33,0,0,147,26,91,30
2,Sat,66840,18:34,0,0,147,31,86,30
2,Sat,66900,18:35,0,0,132,30,90,12
2,Sat,66960,18:36,0,0,138,26,100,12
2,Sat,67020,18:37,0,0,125,15,101,9
2,Sat,67080,18:38,0,0,140,17,105,18
2,Sat,67140,18:39,0,0,139,19,100,20
2,Sat,67200,18:40,0,0,134,19,104,11
2,Sat,67260,18:41,0,0,141,21,107,13
2,Sat,67320,18:42,0,0,144,20,110,14
2,Sat,67380,18:43,0,0,160,17,110,33
2,Sat,67440,18:44,0,0,137,14,91,32
2,Sat,67500,18:45,0,0,116,12,90,14
2,Sat,67560,18:46,0,0,123,19,86,18
2,Sat,67620,18:47,0,0,131,28,87,16
2,Sat,67680,18:48,0,0,149,27,95,27
2,Sat,67740,18:49,0,0,135,25,84,26
2,Sat,67800,18:50,0,0,129,25,92,12
2,Sat,67860,18:51,0,0,130,21,96,13
2,Sat,67920,18:52,0,0,119,13,98,8
2,Sat,67980,18:53,0,0,141,21,99,21
2,Sat,68040,18:54,0,0,140,22,94,24
2,Sat,68100,18:55,0,0,117,15,94,8
2,Sat,68160,18:56,0,0,128,19,99,10
2,Sat,68220,18:57,0,0,128,18,97,13
2,Sat,68280,18:58,0,0,157,20,99,38
2,Sat,68340,18:59,0,0,144,23,77,44
2,Sat,68400,19:00,0,0,115,19,73,23
2,Sat,68460,19:01,0,0,96,13,68,15
2,Sat,68520,19:02,0,0,97,18,70,9
2,Sat,68580,19:03,0,0,126,27,77,22
2,Sat,68640,19:04,0,0,121,24,74,23
2,Sat,68700,19:05,0,0,106,22,76,8
2,Sat,68760,19:06,0,0,116,21,88,7
2,Sat,68820,19:07,0,0,116,19,89,8
2,Sat,68880,19:08,0,0,136,20,97,19
2,Sat,68940,19:09,0,0,123,17,88,18
2,Sat,69000,19:10,0,0,127,24,94,9
2,Sat,69060,19:11,0,0,130,16,100,14
2,Sat,69120,19:12,0,0,124,15,93,16
2,Sat,69180,19:13,0,0,152,21,95,36
2,Sat,69240,19:14,0,0,128,19,74,35
2,Sat,69300,19:15,0,0,105,16,76,13
2,Sat,69360,19:16,0,0,108,21,75,12
2,Sat,69420,19:17,0,0,116,24,82,10
2,Sat,69480,19:18,0,0,123,15,86,22
2,Sat,69540,19:19,0,0,122,22,74,26
2,Sat,69600,19:20,0,0,123,27,79,17
2,Sat,69660,19:21,0,0,110,19,80,11
2,Sat,69720,19:22,0,0,107,19,85,3
2,Sat,69780,19:23,0,0,130,23,93,14
2,Sat,69840,19:24,0,0,124,19,89,16
2,Sat,69900,19:25,0,0,120,18,94,8
2,Sat,69960,19:26,0,0,125,18,98,9
2,Sat,70020,19:27,0,0,129,15,100,14
2,Sat,70080,19:28,0,0,149,15,95,39
2,Sat,70140,19:29,0,0,129,17,73,39
2,Sat,70200,19:30,0,0,107,21,70,16
2,Sat,70260,19:31,0,0,112,24,74,14
2,Sat,70320,19:32,0,0,112,24,77,11
2,Sat,70380,19:33,0,0,130,24,84,22
2,Sat,70440,19:34,0,0,123,21,77,25
2,Sat,70500,19:35,0,0,108,19,77,12
2,Sat,70560,19:36,0,0,109,20,81,8
2,Sat,70620,19:37,0,0,109,19,87,3
2,Sat,70680,19:38,0,0,127,17,93,17
2,Sat,70740,19:39,0,0,122,15,85,22
2,Sat,70800,19:40,0,0,111,13,86,12
2,Sat,70860,19:41,0,0,112,17,85,10
2,Sat,70920,19:42,0,0,121,22,90,9
2,Sat,70980,19:43,0,0,146,23,94,29
2,Sat,71040,19:44,0,0,131,18,82,31
2,Sat,71100,19:45,0,0,113,15,80,18
2,Sat,71160,19:46,0,0,117,17,79,21
2,Sat,71220,19:47,0,0,111,20,76,15
2,Sat,71280,19:48,0,0,125,21,82,22
2,Sat,71340,19:49,0,0,112,16,72,24
2,Sat,71400,19:50,0,0,93,12,72,9
2,Sat,71460,19:51,0,0,100,19,75,6
2,Sat,71520,19:52,0,0,115,25,84,6
2,Sat,71580,19:53,0,0,125,20,92,13
2,Sat,71640,19:54,0,0,120,14,89,17
2,Sat,71700,19:55,0,0,116,18,86,12
2,Sat,71760,19:56,0,0,120,17,92,11
2,Sat,71820,19:57,0,0,114,12,90,12
2,Sat,71880,19:58,0,0,139,17,90,32
2,Sat,71940,19:59,0,0,128,17,74,37
2,Sat,72000,20:00,0,0,110,17,70,23
2,Sat,72060,20:01,0,0,101,15,68,18
2,Sat,72120,20:02,0,0,96,19,67,10
2,Sat,72180,20:03,0,0,120,25,75,20
2,Sat,72240,20:04,0,0,106,17,68,21
2,Sat,72300,20:05,0,0,94,19,69,6
2,Sat,72360,20:06,0,0,100,17,79,4
2,Sat,72420,20:07,0,0,106,17,81,8
2,Sat,72480,20:08,0,0,127,21,88,18
2,Sat,72540,20:09,0,0,115,16,84,15
2,Sat,72600,20:10,0,0,108,13,89,6
2,Sat,72660,20:11,0,0,117,15,91,11
2,Sat,72720,20:12,0,0,124,19,93,12
2,Sat,72780,20:13,0,0,139,17,95,27
2,Sat,72840,20:14,0,0,129,16,79,34
2,Sat,72900,20:15,0,0,119,23,75,21
2,Sat,72960,20:16,0,0,116,21,78,17
2,Sat,73020,20:17,0,0,100,12,76,12
2,Sat,73080,20:18,0,0,118,16,77,25
2,Sat,73140,20:19,0,0,108,18,66,24
2,Sat,73200,20:20,0,0,100,22,70,8
2,Sat,73260,20:21,0,0,110,25,79,6
2,Sat,73320,20:22,0,0,114,21,87,6
2,Sat,73380,20:23,0,0,123,15,93,15
2,Sat,73440,20:24,0,0,117,15,87,15
2,Sat,73500,20:25,0,0,114,14,91,9
2,Sat,73560,20:26,0,0,112,9,90,13
2,Sat,73620,20:27,0,0,114,14,87,13
2,Sat,73680,20:28,0,0,144,21,90,33
2,Sat,73740,20:29,0,0,135,22,74,39
2,Sat,73800,20:30,0,0,109,19,72,18
2,Sat,73860,20:31,0,0,105,19,73,13
2,Sat,73920,20:32,0,0,106,18,76,12
2,Sat,73980,20:33,0,0,111,14,77,20
2,Sat,74040,20:34,0,0,99,12,68,19
2,Sat,74100,20:35,0,0,94,14,69,11
2,Sat,74160,20:36,0,0,96,16,71,9
2,Sat,74220,20:37,0,0,96,14,75,7
2,Sat,74280,20:38,0,0,110,14,77,19
2,Sat,74340,20:39,0,0,105,19,69,17
2,Sat,74400,20:40,0,0,108,22,78,8
2,Sat,74460,20:41,0,0,109,17,82,10
2,Sat,74520,20:42,0,0,105,13,84,8
2,Sat,74580,20:43,0,0,129,19,87,23
2,Sat,74640,20:44,0,0,133,24,79,30
2,Sat,74700,20:45,0,0,113,20,77,16
2,Sat,74760,20:46,0,0,105,11,79,15
2,Sat,74820,20:47,0,0,93,8,71,14
2,Sat,74880,20:48,0,0,107,17,71,19
2,Sat,74940,20:49,0,0,108,22,66,20
2,Sat,75000,20:50,0,0,99,22,70,7
2,Sat,75060,20:51,0,0,102,20,77,5
2,Sat,75120,20:52,0,0,110,19,83,8
2,Sat,75180,20:53,0,0,118,16,86,16
2,Sat,75240,20:54,0,0,111,16,82,13
2,Sat,75300,20:55,0,0,111,17,86,8
2,Sat,75360,20:56,0,0,113,16,87,10
2,Sat,75420,20:57,0,0,114,13,90,11
2,Sat,75480,20:58,0,0,143,15,88,40
2,Sat,75540,20:59,0,0,126,18,63,45
2,Sat,75600,21:00,0,0,91,16,58,17
2,Sat,75660,21:01,0,0,86,15,60,11
2,Sat,75720,21:02,0,0,83,14,61,8
2,Sat,75780,21:03,0,0,99,19,65,15
2,Sat,75840,21:04,0,0,103,21,63,19
2,Sat,75900,21:05,0,0,98,23,66,9
2,Sat,75960,21:06,0,0,101,17,76,8
2,Sat,76020,21:07,0,0,95,12,75,8
2,Sat,76080,21:08,0,0,108,14,80,14
2,Sat,76140,21:09,0,0,105,16,75,14
2,Sat,76200,21:10,0,0,110,21,81,8
2,Sat,76260,21:11,0,0,115,23,83,9
2,Sat,76320,21:12,0,0,116,14,91,11
2,Sat,76380,21:13,0,0,125,13,85,27
2,Sat,76440,21:14,0,0,123,20,74,29
2,Sat,76500,21:15,0,0,101,15,74,12
2,Sat,76560,21:16,0,0,97,14,76,7
2,Sat,76620,21:17,0,0,107,17,77,13
2,Sat,76680,21:18,0,0,123,16,77,30
2,Sat,76740,21:19,0,0,100,13,62,25
2,Sat,76800,21:20,0,0,83,14,63,6
2,Sat,76860,21:21,0,0,95,19,69,7
2,Sat,76920,21:22,0,0,96,15,73,8
2,Sat,76980,21:23,0,0,103,15,74,14
2,Sat,77040,21:24,0,0,108,21,75,12
2,Sat,77100,21:25,0,0,103,16,83,4
2,Sat,77160,21:26,0,0,107,13,85,9
2,Sat,77220,21:27,0,0,110,14,86,10
2,Sat,77280,21:28,0,0,121,13,88,20
2,Sat,77340,21:29,0,0,121,15,78,28
2,Sat,77400,21:30,0,0,116,20,74,22
2,Sat,77460,21:31,0,0,112,21,74,17
2,Sat,77520,21:32,0,0,101,15,74,12
2,Sat,77580,21:33,0,0,108,11,72,25
2,Sat,77640,21:34,0,0,100,16,58,26
2,Sat,77700,21:35,0,0,87,18,61,8
2,Sat,77760,21:36,0,0,92,16,66,10
2,Sat,77820,21:37,0,0,94,16,65,13
2,Sat,77880,21:38,0,0,99,16,66,17
2,Sat,77940,21:39,0,0,89,14,62,13
2,Sat,78000,21:40,0,0,96,19,67,10
2,Sat,78060,21:41,0,0,99,20,68,11
2,Sat,78120,21:42,0,0,87,11,72,4
2,Sat,78180,21:43,0,0,100,13,72,15
2,Sat,78240,21:44,0,0,107,17,68,22
2,Sat,78300,21:45,0,0,94,15,66,13
2,Sat,78360,21:46,0,0,89,13,67,9
2,Sat,78420,21:47,0,0,87,13,66,8
2,Sat,78480,21:48,0,0,100,14,69,17
2,Sat,78540,21:49,0,0,90,13,60,17
2,Sat,78600,21:50,0,0,80,12,61,7
2,Sat,78660,21:51,0,0,88,16,63,9
2,Sat,78720,21:52,0,0,90,14,66,10
2,Sat,78780,21:53,0,0,90,11,65,14
2,Sat,78840,21:54,0,0,90,17,62,11
2,Sat,78900,21:55,0,0,91,16,69,6
2,Sat,78960,21:56,0,0,93,12,71,10
2,Sat,79020,21:57,0,0,99,15,71,13
2,Sat,79080,21:58,0,0,112,13,73,26
2,Sat,79140,21:59,0,0,101,14,58,29
2,Sat,79200,22:00,0,0,93,23,55,15
2,Sat,79260,22:01,0,0,99,25,62,12
2,Sat,79320,22:02,0,0,90,14,67,9
2,Sat,79380,22:03,0,0,92,11,66,15
2,Sat,79440,22:04,0,0,92,15,61,16
2,Sat,79500,22:05,0,0,84,13,65,6
2,Sat,79560,22:06,0,0,88,10,68,10
2,Sat,79620,22:07,0,0,82,11,64,7
2,Sat,79680,22:08,0,0,98,13,71,14
2,Sat,79740,22:09,0,0,94,15,63,16
2,Sat,79800,22:10,0,0,88,14,65,9
2,Sat,79860,22:11,0,0,90,17,63,10
2,Sat,79920,22:12,0,0,98,17,72,9
2,Sat,79980,22:13,0,0,103,14,71,18
2,Sat,80040,22:14,0,0,97,15,66,16
2,Sat,80100,22:15,0,0,90,15,67,8
2,Sat,80160,22:16,0,0,93,15,71,7
2,Sat,80220,22:17,0,0,90,11,73,6
2,Sat,80280,22:18,0,0,111,13,75,23
2,Sat,80340,22:19,0,0,99,14,61,24
2,Sat,80400,22:20,0,0,81,10,63,8
2,Sat,80460,22:21,0,0,83,12,63,8
2,Sat,80520,22:22,0,0,83,11,66,6
2,Sat,80580,22:23,0,0,91,15,67,9
2,Sat,80640,22:24,0,0,99,19,68,12
2,Sat,80700,22:25,0,0,96,15,69,12
2,Sat,80760,22:26,0,0,94,15,70,9
2,Sat,80820,22:27,0,0,91,14,72,5
2,Sat,80880,22:28,0,0,108,12,75,21
2,Sat,80940,22:29,0,0,99,12,61,26
2,Sat,81000,22:30,0,0,90,13,59,18
2,Sat,81060,22:31,0,0,78,11,54,13
2,Sat,81120,22:32,0,0,76,12,54,10
2,Sat,81180,22:33,0,0,87,15,52,20
2,Sat,81240,22:34,0,0,77,15,46,16
2,Sat,81300,22:35,0,0,69,15,48,6
2,Sat,81360,22:36,0,0,71,10,53,8
2,Sat,81420,22:37,0,0,63,8,49,6
2,Sat,81480,22:38,0,0,76,16,51,9
2,Sat,81540,22:39,0,0,80,18,52,10
2,Sat,81600,22:40,0,0,80,16,58,6
2,Sat,81660,22:41,0,0,89,19,61,9
2,Sat,81720,22:42,0,0,87,11,67,9
2,Sat,81780,22:43,0,0,85,7,63,15
2,Sat,81840,22:44,0,0,88,14,57,17
2,Sat,81900,22:45,0,0,81,12,58,11
2,Sat,81960,22:46,0,0,78,10,58,10
2,Sat,82020,22:47,0,0,78,12,57,9
2,Sat,82080,22:48,0,0,88,13,60,15
2,Sat,82140,22:49,0,0,77,11,54,12
2,Sat,82200,22:50,0,0,74,12,58,4
2,Sat,82260,22:51,0,0,86,15,62,9
2,Sat,82320,22:52,0,0,84,14,61,9
2,Sat,82380,22:53,0,0,87,12,64,11
2,Sat,82440,22:54,0,0,85,12,60,13
2,Sat,82500,22:55,0,0,85,17,61,7
2,Sat,82560,22:56,0,0,88,15,69,4
2,Sat,82620,22:57,0,0,85,8,69,8
2,Sat,82680,22:58,0,0,109,11,68,30
2,Sat,82740,22:59,0,0,96,13,51,32
2,Sat,82800,23:00,0,0,75,15,48,12
2,Sat,82860,23:01,0,0,72,13,52,7
2,Sat,82920,23:02,0,0,72,12,53,7
2,Sat,82980,23:03,0,0,88,14,57,17
2,Sat,83040,23:04,0,0,75,9,50,16
2,Sat,83100,23:05,0,0,66,8,49,9
2,Sat,83160,23:06,0,0,65,9,46,10
2,Sat,83220,23:07,0,0,62,11,46,5
2,Sat,83280,23:08,0,0,73,10,52,11
2,Sat,83340,23:09,0,0,64,9,45,10
2,Sat,83400,23:10,0,0,67,12,51,4
2,Sat,83460,23:11,0,0,75,17,52,6
2,Sat,83520,23:12,0,0,83,17,59,7
2,Sat,83580,23:13,0,0,87,10,59,18
2,Sat,83640,23:14,0,0,73,6,49,18
2,Sat,83700,23:15,0,0,64,12,45,7
2,Sat,83760,23:16,0,0,69,13,51,5
2,Sat,83820,23:17,0,0,68,10,52,6
2,Sat,83880,23:18,0,0,89,13,56,20
2,Sat,83940,23:19,0,0,75,12,45,18
2,Sat,84000,23:20,0,0,63,14,48,1
2,Sat,84060,23:21,0,0,75,14,55,6
2,Sat,84120,23:22,0,0,68,9,52,7
2,Sat,84180,23:23,0,0,72,12,53,7
2,Sat,84240,23:24,0,0,79,15,55,9
2,Sat,84300,23:25,0,0,77,14,58,5
2,Sat,84360,23:26,0,0,77,11,62,4
2,Sat,84420,23:27,0,0,77,9,61,7
2,Sat,84480,23:28,0,0,96,8,62,26
2,Sat,84540,23:29,0,0,81,9,42,30
2,Sat,84600,23:30,0,0,65,13,39,13
2,Sat,84660,23:31,0,0,61,14,40,7
2,Sat,84720,23:32,0,0,68,19,43,6
2,Sat,84780,23:33,0,0,79,16,47,16
2,Sat,84840,23:34,0,0,67,12,38,17
2,Sat,84900,23:35,0,0,59,12,39,8
2,Sat,84960,23:36,0,0,57,11,38,8
2,Sat,85020,23:37,0,0,66,17,41,8
2,Sat,85080,23:38,0,0,71,14,44,13
2,Sat,85140,23:39,0,0,60,12,39,9
2,Sat,85200,23:40,0,0,60,12,45,3
2,Sat,85260,23:41,0,0,62,11,45,6
2,Sat,85320,23:42,0,0,64,9,47,8
2,Sat,85380,23:43,0,0,62,5,44,13
2,Sat,85440,23:44,0,0,63,12,39,12
2,Sat,85500,23:45,0,0,64,15,42,7
2,Sat,85560,23:46,0,0,61,11,45,5
2,Sat,85620,23:47,0,0,62,11,47,4
2,Sat,85680,23:48,0,0,74,13,51,10
2,Sat,85740,23:49,0,0,71,8,49,14
2,Sat,85800,23:50,0,0,57,6,44,7
2,Sat,85860,23:51,0,0,64,10,48,6
2,Sat,85920,23:52,0,0,68,11,47,10
2,Sat,85980,23:53,0,0,69,10,47,12
2,Sat,86040,23:54,0,0,61,8,43,10
2,Sat,86100,23:55,0,0,57,9,44,4
2,Sat,86160,23:56,0,0,59,8,47,4
2,Sat,86220,23:57,0,0,62,9,46,7
2,Sat,86280,23:58,0,0,77,10,47,20
2,Sat,86340,23:59,0,0,64,12,33,19
2,Sat,86400,24:00,1,1,54,12,36,6
2,Sat,86460,24:01,1,1,55,11,37,7
2,Sat,86520,24:02,1,1,62,13,40,9
2,Sat,86580,24:03,1,1,62,12,38,12
2,Sat,86640,24:04,1,1,53,9,35,9
2,Sat,86700,24:05,1,1,50,10,34,6
2,Sat,86760,24:06,1,1,55,12,36,7
2,Sat,86820,24:07,1,1,54,13,38,3
2,Sat,86880,24:08,1,1,64,14,43,7
2,Sat,86940,24:09,1,1,60,12,40,8
2,Sat,87000,24:10,1,1,57,11,42,4
2,Sat,87060,24:11,1,1,58,9,43,6
2,Sat,87120,24:12,1,1,56,6,43,7
2,Sat,87180,24:13,1,1,54,4,41,9
2,Sat,87240,24:14,1,1,59,11,38,10
2,Sat,87300,24:15,1,1,62,14,40,8
2,Sat,87360,24:16,1,1,54,10,40,4
2,Sat,87420,24:17,1,1,58,10,43,5
2,Sat,87480,24:18,1,1,67,10,43,14
2,Sat,87540,24:19,1,1,55,9,35,11
2,Sat,87600,24:20,1,1,49,8,38,3
2,Sat,87660,24:21,1,1,60,14,40,6
2,Sat,87720,24:22,1,1,68,19,43,6
2,Sat,87780,24:23,1,1,70,13,48,9
2,Sat,87840,24:24,1,1,59,7,44,8
2,Sat,87900,24:25,1,1,54,7,44,3
2,Sat,87960,24:26,1,1,52,5,44,3
2,Sat,88020,24:27,1,1,49,2,44,3
2,Sat,88080,24:28,1,1,64,4,43,17
2,Sat,88140,24:29,1,1,63,11,30,22
2,Sat,88200,24:30,1,1,48,12,27,9
2,Sat,88260,24:31,1,1,42,11,28,3
2,Sat,88320,24:32,1,1,45,10,30,5
2,Sat,88380,24:33,1,1,48,5,27,16
2,Sat,88440,24:34,1,1,42,11,17,14
2,Sat,88500,24:35,1,1,36,12,21,3
2,Sat,88560,24:36,1,1,33,8,23,2
2,Sat,88620,24:37,1,1,37,10,26,1
2,Sat,88680,24:38,1,1,41,8,30,3
2,Sat,88740,24:39,1,1,37,3,29,5
2,Sat,88800,24:40,1,1,34,3,27,4
2,Sat,88860,24:41,1,1,39,6,28,5
2,Sat,88920,24:42,1,1,42,8,27,7
2,Sat,88980,24:43,1,1,44,9,28,7
2,Sat,89040,24:44,1,1,44,11,26,7
2,Sat,89100,24:45,1,1,43,12,26,5
2,Sat,89160,24:46,1,1,40,8,28,4
2,Sat,89220,24:47,1,1,41,9,28,4
2,Sat,89280,24:48,1,1,49,10,32,7
2,Sat,89340,24:49,1,1,51,13,30,8
2,Sat,89400,24:50,1,1,51,11,35,5
2,Sat,89460,24:51,1,1,47,8,34,5
2,Sat,89520,24:52,1,1,48,8,36,4
2,Sat,89580,24:53,1,1,48,7,36,5
2,Sat,89640,24:54,1,1,51,8,37,6
2,Sat,89700,24:55,1,1,48,7,37,4
2,Sat,89760,24:56,1,1,49,6,40,3
2,Sat,89820,24:57,1,1,50,5,40,5
2,Sat,89880,24:58,1,1,57,4,38,15
2,Sat,89940,24:59,1,1,46,5,26,15
2,Sat,90000,25:00,1,1,35,5,24,6
2,Sat,90060,25:01,1,1,30,3,22,5
2,Sat,90120,25:02,1,1,32,4,22,6
2,Sat,90180,25:03,1,1,40,9,20,11
2,Sat,90240,25:04,1,1,38,14,16,8
2,Sat,90300,25:05,1,1,32,11,19,2
2,Sat,90360,25:06,1,1,35,12,20,3
2,Sat,90420,25:07,1,1,40,12,24,4
2,Sat,90480,25:08,1,1,37,6,25,6
2,Sat,90540,25:09,1,1,28,2,21,5
2,Sat,90600,25:10,1,1,26,3,20,3
2,Sat,90660,25:11,1,1,30,6,21,3
2,Sat,90720,25:12,1,1,33,10,21,2
2,Sat,90780,25:13,1,1,38,8,23,7
2,Sat,90840,25:14,1,1,29,2,18,9
2,Sat,90900,25:15,1,1,23,3,15,5
2,Sat,90960,25:16,1,1,23,6,15,2
2,Sat,91020,25:17,1,1,30,10,19,1
2,Sat,91080,25:18,1,1,36,9,23,4
2,Sat,91140,25:19,1,1,37,7,22,8
2,Sat,91200,25:20,1,1,33,9,19,5
2,Sat,91260,25:21,1,1,31,7,23,1
2,Sat,91320,25:22,1,1,32,6,24,2
2,Sat,91380,25:23,1,1,33,6,25,2
2,Sat,91440,25:24,1,1,32,4,25,3
2,Sat,91500,25:25,1,1,35,4,25,6
2,Sat,91560,25:26,1,1,32,6,21,5
2,Sat,91620,25:27,1,1,35,10,22,3
2,Sat,91680,25:28,1,1,38,7,23,8
2,Sat,91740,25:29,1,1,27,2,19,6
2,Sat,91800,25:30,1,1,22,2,19,1
2,Sat,91860,25:31,1,1,25,6,18,1
2,Sat,91920,25:32,1,1,24,5,18,1
2,Sat,91980,25:33,1,1,30,5,18,7
2,Sat,92040,25:34,1,1,33,8,15,10
2,Sat,92100,25:35,1,1,23,6,13,4
2,Sat,92160,25:36,1,1,21,5,14,2
2,Sat,92220,25:37,1,1,20,3,14,3
2,Sat,92280,25:38,1,1,23,3,16,4
2,Sat,92340,25:39,1,1,22,4,13,5
2,Sat,92400,25:40,1,1,19,4,12,3
2,Sat,92460,25:41,1,1,19,4,13,2
2,Sat,92520,25:42,1,1,24,8,14,2
2,Sat,92580,25:43,1,1,28,7,16,5
2,Sat,92640,25:44,1,1,26,6,14,6
2,Sat,92700,25:45,1,1,29,10,15,4
2,Sat,92760,25:46,1,1,27,8,17,2
2,Sat,92820,25:47,1,1,25,6,18,1
2,Sat,92880,25:48,1,1,29,3,19,7
2,Sat,92940,25:49,1,1,27,3,13,11
2,Sat,93000,25:50,1,1,22,6,11,5
2,Sat,93060,25:51,1,1,19,6,12,1
2,Sat,93120,25:52,1,1,22,4,14,4
2,Sat,93180,25:53,1,1,15,1,11,3
2,Sat,93240,25:54,1,1,16,4,11,1
2,Sat,93300,25:55,1,1,17,5,11,1
2,Sat,93360,25:56,1,1,15,3,11,1
2,Sat,93420,25:57,1,1,15,2,12,1
2,Sat,93480,25:58,1,1,18,3,12,3
2,Sat,93540,25:59,1,1,17,3,10,4
2,Sat,93600,26:00,1,1,12,1,9,2
2,Sat,93660,26:01,1,1,16,5,9,2
2,Sat,93720,26:02,1,1,14,5,8,1
2,Sat,93780,26:03,1,1,15,2,8,5
2,Sat,93840,26:04,1,1,12,2,4,6
2,Sat,93900,26:05,1,1,5,1,3,1
2,Sat,93960,26:06,1,1,8,4,3,1
2,Sat,94020,26:07,1,1,10,6,3,1
2,Sat,94080,26:08,1,1,5,2,3,0
2,Sat,94140,26:09,1,1,5,2,3,0
2,Sat,94200,26:10,1,1,7,4,3,0
2,Sat,94260,26:11,1,1,9,5,3,1
2,Sat,94320,26:12,1,1,11,4,6,1
2,Sat,94380,26:13,1,1,9,1,7,1
2,Sat,94440,26:14,1,1,10,2,6,2
2,Sat,94500,26:15,1,1,11,3,7,1
2,Sat,94560,26:16,1,1,9,1,7,1
2,Sat,94620,26:17,1,1,9,0,6,3
2,Sat,94680,26:18,1,1,10,3,4,3
2,Sat,94740,26:19,1,1,10,4,4,2
2,Sat,94800,26:20,1,1,7,2,4,1
2,Sat,94860,26:21,1,1,9,4,4,1
2,Sat,94920,26:22,1,1,8,3,4,1
2,Sat,94980,26:23,1,1,4,0,4,0
2,Sat,95040,26:24,1,1,6,1,4,1
2,Sat,95100,26:25,1,1,6,1,3,2
2,Sat,95160,26:26,1,1,5,1,2,2
2,Sat,95220,26:27,1,1,4,1,2,1
2,Sat,95280,26:28,1,1,4,2,2,0
2,Sat,95340,26:29,1,1,6,2,4,0
2,Sat,95400,26:30,1,1,6,2,4,0
2,Sat,95460,26:31,1,1,9,4,4,1
2,Sat,95520,26:32,1,1,6,2,3,1
2,Sat,95580,26:33,1,1,3,0,3,0
2,Sat,95640,26:34,1,1,5,1,3,1
2,Sat,95700,26:35,1,1,6,3,2,1
2,Sat,95760,26:36,1,1,6,3,3,0
2,Sat,95820,26:37,1,1,6,2,3,1
2,Sat,95880,26:38,1,1,4,1,2,1
2,Sat,95940,26:39,1,1,4,2,2,0
2,Sat,96000,26:40,1,1,5,2,3,0
2,Sat,96060,26:41,1,1,5,0,3,2
2,Sat,96120,26:42,1,1,3,0,1,2
2,Sat,96180,26:43,1,1,2,0,2,0
2,Sat,96240,26:44,1,1,2,0,2,0
2,Sat,96300,26:45,1,1,2,0,2,0
2,Sat,96360,26:46,1,1,3,1,2,0
2,Sat,96420,26:47,1,1,5,1,3,1
2,Sat,96480,26:48,1,1,4,0,2,2
2,Sat,96540,26:49,1,1,3,0,1,2
2,Sat,96600,26:50,1,1,2,1,0,1
2,Sat,96660,26:51,1,1,3,3,0,0
2,Sat,96720,26:52,1,1,4,3,1,0
2,Sat,96780,26:53,1,1,3,1,2,0
2,Sat,96840,26:54,1,1,4,1,2,1
2,Sat,96900,26:55,1,1,5,2,1,2
2,Sat,96960,26:56,1,1,2,1,0,1
2,Sat,97020,26:57,1,1,1,1,0,0
2,Sat,97080,26:58,1,1,2,1,1,0
2,Sat,97140,26:59,1,1,2,1,1,0
2,Sat,97200,27:00,1,1,3,1,2,0
2,Sat,97260,27:01,1,1,3,0,2,1
2,Sat,97320,27:02,1,1,2,0,1,1
2,Sat,97380,27:03,1,1,1,0,1,0
2,Sat,97440,27:04,1,1,2,0,1,1
2,Sat,97500,27:05,1,1,1,0,0,1
2,Sat,97740,27:09,1,1,3,3,0,0
2,Sat,97800,27:10,1,1,5,5,0,0
2,Sat,97860,27:11,1,1,4,3,1,0
2,Sat,97920,27:12,1,1,3,2,1,0
2,Sat,97980,27:13,1,1,3,1,2,0
2,Sat,98040,27:14,1,1,3,1,2,0
2,Sat,98100,27:15,1,1,4,1,3,0
2,Sat,98160,27:16,1,1,3,0,3,0
2,Sat,98220,27:17,1,1,6,2,3,1
2,Sat,98280,27:18,1,1,6,2,3,1
2,Sat,98340,27:19,1,1,4,1,3,0
2,Sat,98400,27:20,1,1,6,1,4,1
2,Sat,98460,27:21,1,1,5,0,3,2
2,Sat,98520,27:22,1,1,3,0,2,1
2,Sat,98580,27:23,1,1,2,0,2,0
2,Sat,98640,27:24,1,1,3,0,2,1
2,Sat,98700,27:25,1,1,4,1,1,2
2,Sat,98760,27:26,1,1,3,2,0,1
2,Sat,98820,27:27,1,1,1,1,0,0
2,Sat,99000,27:30,1,1,2,2,0,0
2,Sat,99060,27:31,1,1,3,2,1,0
2,Sat,99120,27:32,1,1,2,1,1,0
2,Sat,99180,27:33,1,1,3,1,2,0
2,Sat,99240,27:34,1,1,3,1,2,0
2,Sat,99300,27:35,1,1,4,1,3,0
2,Sat,99360,27:36,1,1,3,0,3,0
2,Sat,99420,27:37,1,1,3,0,3,0
2,Sat,99480,27:38,1,1,3,0,3,0
2,Sat,99540,27:39,1,1,4,1,3,0
2,Sat,99600,27:40,1,1,5,2,3,0
2,Sat,99660,27:41,1,1,6,2,3,1
2,Sat,99720,27:42,1,1,5,2,2,1
2,Sat,99780,27:43,1,1,3,1,2,0
2,Sat,99840,27:44,1,1,2,0,2,0
2,Sat,99900,27:45,1,1,3,1,2,0
2,Sat,99960,27:46,1,1,3,1,2,0
2,Sat,100020,27:47,1,1,3,0,2,1
2,Sat,100080,27:48,1,1,2,0,1,1
2,Sat,100140,27:49,1,1,1,0,1,0
2,Sat,100200,27:50,1,1,1,0,1,0
2,Sat,100260,27:51,1,1,2,1,1,0
2,Sat,100320,27:52,1,1,4,2,2,0
2,Sat,100380,27:53,1,1,3,1,2,0
2,Sat,100440,27:54,1,1,4,1,2,1
2,Sat,100500,27:55,1,1,5,1,2,2
2,Sat,100560,27:56,1,1,2,0,1,1
2,Sat,100620,27:57,1,1,1,0,1,0
2,Sat,100680,27:58,1,1,1,0,1,0
2,Sat,100740,27:59,1,1,1,0,1,0
2,Sat,100800,28:00,1,1,3,2,1,0
2,Sat,100860,28:01,1,1,4,2,2,0
2,Sat,100920,28:02,1,1,3,1,2,0
2,Sat,100980,28:03,1,1,3,1,2,0
2,Sat,101040,28:04,1,1,2,0,2,0
2,Sat,101100,28:05,1,1,2,0,2,0
2,Sat,101160,28:06,1,1,2,0,2,0
2,Sat,101220,28:07,1,1,2,0,2,0
2,Sat,101280,28:08,1,1,2,0,2,0
2,Sat,101340,28:09,1,1,2,0,2,0
2,Sat,101400,28:10,1,1,2,0,2,0
2,Sat,101460,28:11,1,1,3,0,2,1
2,Sat,101520,28:12,1,1,2,0,1,1
2,Sat,101580,28:13,1,1,1,0,1,0
2,Sat,101640,28:14,1,1,1,0,1,0
2,Sat,101700,28:15,1,1,2,1,1,0
2,Sat,101760,28:16,1,1,2,1,1,0
2,Sat,101820,28:17,1,1,2,0,1,1
2,Sat,101880,28:18,1,1,1,0,0,1
2,Sat,102060,28:21,1,1,1,1,0,0
2,Sat,102120,28:22,1,1,3,3,0,0
2,Sat,102180,28:23,1,1,3,2,1,0
2,Sat,102240,28:24,1,1,2,1,1,0
2,Sat,102300,28:25,1,1,3,1,1,1
2,Sat,102360,28:26,1,1,1,0,0,1
2,Sat,102600,28:30,1,1,1,1,0,0
2,Sat,102660,28:31,1,1,2,1,1,0
2,Sat,102720,28:32,1,1,1,0,1,0
2,Sat,102780,28:33,1,1,1,0,1,0
2,Sat,102840,28:34,1,1,1,0,1,0
2,Sat,102900,28:35,1,1,2,1,1,0
2,Sat,102960,28:36,1,1,2,1,1,0
2,Sat,103020,28:37,1,1,1,0,1,0
2,Sat,103080,28:38,1,1,1,0,1,0
2,Sat,103140,28:39,1,1,2,1,1,0
2,Sat,103200,28:40,1,1,2,1,1,0
2,Sat,103260,28:41,1,1,2,0,1,1
2,Sat,103320,28:42,1,1,1,0,0,1
2,Sat,103860,28:51,1,1,1,1,0,0
2,Sat,103920,28:52,1,1,3,3,0,0
2,Sat,103980,28:53,1,1,2,2,0,0
2,Sat,104040,28:54,1,1,1,1,0,0
2,Sat,104100,28:55,1,1,1,1,0,0
2,Sat,104340,28:59,1,1,1,1,0,0
2,Sat,104400,29:00,1,1,2,2,0,0
2,Sat,104460,29:01,1,1,2,1,1,0
2,Sat,104520,29:02,1,1,1,0,1,0
2,Sat,104580,29:03,1,1,1,0,1,0
2,Sat,104640,29:04,1,1,1,0,1,0
2,Sat,104700,29:05,1,1,1,0,1,0
2,Sat,104760,29:06,1,1,1,0,1,0
2,Sat,104820,29:07,1,1,1,0,1,0
2,Sat,104880,29:08,1,1,1,0,1,0
2,Sat,104940,29:09,1,1,1,0,1,0
2,Sat,105000,29:10,1,1,2,0,1,1
2,Sat,105060,29:11,1,1,1,0,0,1
2,Sat,105720,29:22,1,1,1,1,0,0
2,Sat,105780,29:23,1,1,2,2,0,0
2,Sat,105840,29:24,1,1,2,2,0,0
2,Sat,105900,29:25,1,1,1,1,0,0
2,Sat,106200,29:30,1,1,1,1,0,0
2,Sat,106260,29:31,1,1,1,1,0,0
2,Sat,106320,29:32,1,1,1,1,0,0
2,Sat,106380,29:33,1,1,1,1,0,0
2,Sat,106800,29:40,1,1,1,1,0,0
2,Sat,106860,29:41,1,1,1,1,0,0
2,Sat,107400,29:50,1,1,1,1,0,0
2,Sat,107460,29:51,1,1,1,1,0,0
2,Sat,107520,29:52,1,1,1,1,0,0
2,Sat,107580,29:53,1,1,1,1,0,0
2,Sat,107640,29:54,1,1,1,1,0,0
2,Sat,107700,29:55,1,1,1,1,0,0
2,Sat,107820,29:57,1,1,1,1,0,0
2,Sat,107880,29:58,1,1,1,1,0,0
